exposure	asym	sequenced	caseid	infector	adult	missed	onset	sample	endinfectious	new_cases	infector_sample_time	infector_adult	isolated_time	isolated	week
0	FALSE	TRUE	1	0	FALSE	TRUE	7.15792987967955	9.34017947377509	14.2965470024463	0			10.3102253865251	TRUE	1
5.37604445305528	FALSE	TRUE	2	1	TRUE	TRUE	11.3177369899426	12.4233434808562	12.7599059957865	0	9.34017947377509	FALSE	12.6370737216059	TRUE	1
5.15467460238679	FALSE	TRUE	3	1	FALSE	TRUE	11.5791145032851	12.7241438231428	13.6379388260182	0	9.34017947377509	FALSE	12.8984512349484	TRUE	1
5.58924260242212	FALSE	TRUE	4	1	TRUE	TRUE	13.916165546541	15.7558065226331	18.3748170420805	0	9.34017947377509	FALSE	15.2355022782042	TRUE	1
6.00624137618801	FALSE	TRUE	5	1	TRUE	TRUE	13.0160560058261	15.1920104206766	17.4881315877819	0	9.34017947377509	FALSE	14.3353927374894	TRUE	1
5.30841204337652	FALSE	TRUE	6	1	FALSE	TRUE	16.6024122121801	18.1954430021853	19.4267025979205	0	9.34017947377509	FALSE	17.9217489438433	TRUE	2
9.5066542020095	FALSE	TRUE	7	2	FALSE	TRUE	17.3470565881273	18.7896310275399	21.8522711483559	0	12.4233434808562	TRUE	18.5527084568247	TRUE	2
11.6043696142891	FALSE	TRUE	8	2	TRUE	TRUE	20.1387171577339	22.6246864323756	23.159986064264	0	12.4233434808562	TRUE	21.3443690264314	TRUE	2
10.9427621057927	FALSE	TRUE	9	2	FALSE	TRUE	16.4050066639848	17.4679310123717	21.089321797399	0	12.4233434808562	TRUE	17.6106585326822	TRUE	2
10.4758835202066	FALSE	TRUE	10	2	TRUE	TRUE	17.1319897053444	18.3388885919589	18.5648415401022	0	12.4233434808562	TRUE	18.3376415740418	TRUE	2
11.3987799227316	FALSE	TRUE	11	3	FALSE	TRUE	22.2080916016001	24.2220910776642	25.8424621802445	0	12.7241438231428	FALSE	23.4137434702976	TRUE	3
11.0194921791636	FALSE	TRUE	12	5	TRUE	TRUE	15.3694068055549	18.0458035585589	18.3985292085305	0	15.1920104206766	TRUE	16.5750586742524	TRUE	2
11.6348640563595	FALSE	TRUE	13	6	FALSE	TRUE	16.8702939662386	18.9144292243428	19.0916443936925	0	18.1954430021853	FALSE	18.0759458349361	TRUE	2
10.4430142699017	FALSE	TRUE	14	6	FALSE	TRUE	11.5749235946493	13.0522397190535	15.2656811512725	0	18.1954430021853	FALSE	12.7805754633467	TRUE	1
10.8811387456005	FALSE	TRUE	15	6	FALSE	TRUE	15.5682899406086	18.3656649511643	20.5241306692597	0	18.1954430021853	FALSE	16.773941809306	TRUE	2
9.31639638332695	FALSE	TRUE	16	6	FALSE	TRUE	13.6425949603087	15.6339663690268	15.4640212509978	0	18.1954430021853	FALSE	14.8482468290061	TRUE	1
10.4257177433636	FALSE	TRUE	17	6	FALSE	TRUE	18.6264205357543	19.9929768627851	24.6969783988622	0	18.1954430021853	FALSE	19.8320724044517	TRUE	2
10.5261909434362	FALSE	TRUE	18	6	FALSE	TRUE	22.3146774310088	23.589745816682	23.8028795685666	0	18.1954430021853	FALSE	23.5203292997063	TRUE	3
10.0365084263776	FALSE	TRUE	19	6	FALSE	TRUE	18.5476896653745	20.9891191891758	19.8400380796087	0	18.1954430021853	FALSE	19.753341534072	TRUE	2
10.1563401911367	FALSE	TRUE	20	6	FALSE	TRUE	15.843535961909	17.8517293171352	17.6579125109123	0	18.1954430021853	FALSE	17.0491878306064	TRUE	2
11.0802100114449	FALSE	TRUE	21	6	TRUE	TRUE	15.9688633270846	18.0424757244264	18.1935720179165	0	18.1954430021853	FALSE	17.1745151957821	TRUE	2
11.8849742955411	FALSE	TRUE	22	6	TRUE	TRUE	18.3204090647348	19.6211041128288	19.5112489105058	0	18.1954430021853	FALSE	19.5260609334323	TRUE	2
10.3771115299947	FALSE	TRUE	23	6	FALSE	TRUE	12.2100713797367	15.3816886172167	13.9991877504379	0	18.1954430021853	FALSE	13.4157232484342	TRUE	1
10.6071001139769	FALSE	TRUE	24	6	FALSE	TRUE	14.1210002885703	15.7307264630243	24.333101499854	0	18.1954430021853	FALSE	15.3266521572678	TRUE	2
10.4334813688155	FALSE	TRUE	25	6	FALSE	TRUE	14.9476684388044	16.2192265589112	19.7238457569373	0	18.1954430021853	FALSE	16.1533203075018	TRUE	2
9.89269960212083	FALSE	TRUE	26	6	FALSE	TRUE	17.0687847194752	18.0227748748823	22.3390767439294	0	18.1954430021853	FALSE	18.2744365881726	TRUE	2
11.1970844635749	FALSE	TRUE	27	6	FALSE	TRUE	15.0610229915479	17.7513523300696	19.608657195289	0	18.1954430021853	FALSE	16.2666748602454	TRUE	2
10.5629370571035	FALSE	TRUE	28	6	FALSE	TRUE	16.2651668822741	18.0516266270814	19.5532990543068	0	18.1954430021853	FALSE	17.4708187509716	TRUE	2
17.5444994852065	FALSE	TRUE	29	8	TRUE	TRUE	24.1922029035764	25.2377280881804	26.9237258645737	0	22.6246864323756	TRUE	29.2175450532524	TRUE	3
15.4549636945437	FALSE	TRUE	30	12	TRUE	TRUE	19.7364094736617	20.8846130793005	23.278271057274	0	18.0458035585589	TRUE	24.7617516233377	TRUE	2
15.9459840902939	FALSE	TRUE	31	12	TRUE	TRUE	23.7661022744926	25.8677820311965	25.6958437431985	0	18.0458035585589	TRUE	28.7914444241686	TRUE	3
16.218162827258	FALSE	TRUE	32	12	TRUE	TRUE	19.3423390654095	21.0893419011068	23.465134322214	2	18.0458035585589	TRUE	24.3676812150855	TRUE	2
16.4942065532048	FALSE	TRUE	33	12	TRUE	TRUE	20.1325008605947	21.6194533424878	24.2807611016524	0	18.0458035585589	TRUE	25.1578430102707	TRUE	2
16.3481123659591	FALSE	TRUE	34	12	TRUE	TRUE	18.062886353465	19.7542742667385	21.0812964937012	4	18.0458035585589	TRUE	23.088228503141	TRUE	2
16.1747350012719	FALSE	TRUE	35	12	TRUE	TRUE	20.0468380054656	21.5713468585736	24.5003773310678	0	18.0458035585589	TRUE	25.0721801551416	TRUE	2
15.9839579321309	FALSE	TRUE	36	12	TRUE	TRUE	20.5435199190356	22.8636458871151	23.1079342646902	0	18.0458035585589	TRUE	25.5688620687116	TRUE	2
14.5848454450799	FALSE	TRUE	37	16	FALSE	TRUE	22.3654198051054	22.7070094906704	24.5345033860389	0	15.6339663690268	FALSE	27.3907619547814	TRUE	3
14.3486836961046	FALSE	TRUE	38	16	TRUE	TRUE	22.3507239092264	23.5964863773486	29.9134128909037	0	15.6339663690268	FALSE	27.3760660589024	TRUE	3
13.8660110054694	FALSE	TRUE	39	16	FALSE	TRUE	18.722015872381	19.3988585108622	23.1605647457262	1	15.6339663690268	FALSE	23.747358022057	TRUE	2
14.3003806866961	FALSE	TRUE	40	19	FALSE	TRUE	18.5461423065547	20.8674260752532	19.6667824037107	28	20.9891191891758	FALSE	23.5714844562307	TRUE	2
14.7293466788546	FALSE	TRUE	41	19	FALSE	TRUE	20.6293174079426	22.6867647141067	23.9122478979562	0	20.9891191891758	FALSE	25.6546595576186	TRUE	2
16.8486464464514	FALSE	TRUE	42	21	TRUE	TRUE	22.7648503485231	24.486055510545	26.4482398536408	3	18.0424757244264	TRUE	27.7901924981991	TRUE	3
16.7240468351256	FALSE	TRUE	43	21	TRUE	TRUE	20.7273646624083	22.2063917596812	22.2162843599941	2	18.0424757244264	TRUE	25.7527068120843	TRUE	2
16.891142446488	FALSE	TRUE	44	21	TRUE	TRUE	28.0950547461326	30.6457238359968	35.1677129209197	46	18.0424757244264	TRUE	33.1203968958086	TRUE	4
15.4128955721683	FALSE	TRUE	45	21	TRUE	TRUE	21.3065509649767	22.8579428468952	24.8389141556562	2	18.0424757244264	TRUE	26.3318931146528	TRUE	3
15.8774059503779	FALSE	TRUE	46	21	TRUE	TRUE	19.0228558621684	20.0791359798854	22.8232611606689	7	18.0424757244264	TRUE	24.0481980118444	TRUE	2
16.2339861057216	FALSE	TRUE	47	21	TRUE	TRUE	24.7685484420027	26.5790659197007	27.5714783013606	0	18.0424757244264	TRUE	29.7938905916787	TRUE	3
16.161059628876	FALSE	TRUE	48	21	TRUE	TRUE	21.0575441160009	22.5969379570245	27.8093318682767	0	18.0424757244264	TRUE	26.0828862656769	TRUE	3
15.4243911589042	FALSE	TRUE	49	21	TRUE	TRUE	19.2259428107063	21.0501407918658	22.9138296166417	0	18.0424757244264	TRUE	24.2512849603823	TRUE	2
16.1840184488191	FALSE	TRUE	50	21	TRUE	TRUE	20.6848408031928	21.7130799957146	22.1917610813463	0	18.0424757244264	TRUE	25.7101829528688	TRUE	2
15.1425614913004	FALSE	TRUE	51	21	TRUE	TRUE	17.7605041520893	19.7046523156007	19.074848707998	0	18.0424757244264	TRUE	22.7858463017653	TRUE	2
16.5858262975818	FALSE	TRUE	52	21	TRUE	TRUE	25.3433617043053	27.3351803043699	32.0898229504048	0	18.0424757244264	TRUE	30.3687038539813	TRUE	3
15.6002759521789	FALSE	TRUE	53	26	FALSE	TRUE	21.8548128848655	23.6630175931061	25.0157293499691	29	18.0227748748823	FALSE	26.8801550345415	TRUE	3
15.6966051698665	FALSE	TRUE	54	26	FALSE	TRUE	23.738372232321	26.0818850122404	25.9268551643238	1	18.0227748748823	FALSE	28.763714381997	TRUE	3
14.8798675518588	FALSE	TRUE	55	26	TRUE	TRUE	20.1232337058931	21.8805484792515	24.7589612657384	0	18.0227748748823	FALSE	25.1485758555691	TRUE	2
14.8279419191404	FALSE	TRUE	56	26	TRUE	TRUE	19.812446674978	21.0039198505061	21.4395502047873	0	18.0227748748823	FALSE	24.837788824654	TRUE	2
14.2860654030352	FALSE	TRUE	57	26	FALSE	TRUE	18.1612330439854	19.7263188303051	22.8282914390226	0	18.0227748748823	FALSE	23.1865751936614	TRUE	2
14.3312002601119	FALSE	TRUE	58	26	TRUE	TRUE	19.4283964742832	20.8645347228444	21.3121871999842	0	18.0227748748823	FALSE	24.4537386239593	TRUE	2
21.2170886797042	FALSE	TRUE	59	32	TRUE	TRUE	25.2509070801956	26.8510946153173	33.2167093122699		21.0893419011068	TRUE	28.8149023607889	FALSE	3
22.5054311561188	FALSE	TRUE	60	32	FALSE	TRUE	23.7687321540914	25.2472814190379	24.8152461131508		21.0893419011068	TRUE	27.3327274346847	FALSE	3
21.0752798477754	FALSE	TRUE	61	34	FALSE	TRUE	25.3341617659229	28.4683732701112	28.1402714229487		19.7542742667385	TRUE	28.8981570465162	FALSE	3
20.3405484001813	FALSE	TRUE	62	34	TRUE	TRUE	26.6179607387781	28.4234700933717	31.8412191082047		19.7542742667385	TRUE	30.1819560193714	FALSE	3
22.628517513309	FALSE	TRUE	63	34	TRUE	TRUE	26.8523999628505	28.6253518386984	31.0999136999632		19.7542742667385	TRUE	30.4163952434438	FALSE	3
21.6433245692087	FALSE	TRUE	64	34	TRUE	TRUE	28.9389404986276	30.1221347561282	33.5469297321699		19.7542742667385	TRUE	32.5029357792209	FALSE	4
18.6837003770952	FALSE	TRUE	65	39	FALSE	TRUE	26.9488574670808	27.8416210260204	30.2895270438455		19.3988585108622	FALSE	30.5128527476741	FALSE	3
19.2098885821029	FALSE	TRUE	66	40	FALSE	TRUE	25.4266803949	27.4575015671734	27.3314548117131		20.8674260752532	FALSE	28.9906756754933	FALSE	3
20.3786492218743	FALSE	TRUE	67	40	FALSE	TRUE	25.9835391734091	27.2706005334102	28.4155340726293		20.8674260752532	FALSE	29.5475344540024	FALSE	3
19.8661220930797	FALSE	TRUE	68	40	FALSE	TRUE	25.8630799728676	27.2832559754349	30.9567998942415		20.8674260752532	FALSE	29.4270752534609	FALSE	3
19.9815645480088	FALSE	TRUE	69	40	FALSE	TRUE	23.4280619495333	25.9176726777603	27.8190896977841		20.8674260752532	FALSE	26.9920572301266	FALSE	3
19.2316694917119	FALSE	TRUE	70	40	TRUE	TRUE	22.0832021266555	23.8052618325937	24.6387491344824		20.8674260752532	FALSE	25.6471974072488	FALSE	3
18.7641841200831	FALSE	TRUE	71	40	FALSE	TRUE	23.0758619178753	25.8579372299199	27.5241493942968		20.8674260752532	FALSE	26.6398571984686	FALSE	3
20.4932801136885	FALSE	TRUE	72	40	TRUE	TRUE	24.8896404738473	26.0387109575427	31.4267292682281		20.8674260752532	FALSE	28.4536357544406	FALSE	3
19.1715706971991	FALSE	TRUE	73	40	FALSE	TRUE	26.4958907083196	28.6071518099736	30.8979535081524		20.8674260752532	FALSE	30.0598859889129	FALSE	3
20.1955128407294	FALSE	TRUE	74	40	FALSE	TRUE	27.4379141614785	29.6560953344013	31.9722494222279		20.8674260752532	FALSE	31.0019094420718	FALSE	3
18.4607734279057	FALSE	TRUE	75	40	TRUE	TRUE	25.0981832075143	26.7522025936351	30.9328310609213		20.8674260752532	FALSE	28.6621784881076	FALSE	3
20.0686798021292	FALSE	TRUE	76	40	TRUE	TRUE	24.0059995598546	26.3619188815553	25.4306962822041		20.8674260752532	FALSE	27.5699948404479	FALSE	3
19.8089237074748	FALSE	TRUE	77	40	FALSE	TRUE	22.452579030208	23.447101374639	23.8865746523464		20.8674260752532	FALSE	26.0165743108013	FALSE	3
18.9220933575004	FALSE	TRUE	78	40	TRUE	TRUE	23.7253787465952	24.1568119898149	26.3882868973897		20.8674260752532	FALSE	27.2893740271885	FALSE	3
19.5485776681134	FALSE	TRUE	79	40	TRUE	TRUE	31.3685329888261	34.296014398684	33.7517742274559		20.8674260752532	FALSE	34.9325282694194	FALSE	4
19.2775722525503	FALSE	TRUE	80	40	FALSE	TRUE	23.5784580986337	25.8945071232323	29.0432625716531		20.8674260752532	FALSE	27.142453379227	FALSE	3
19.8622558636749	FALSE	TRUE	81	40	TRUE	TRUE	24.9637115337861	26.573915954543	28.5258406257846		20.8674260752532	FALSE	28.5277068143794	FALSE	3
20.6474302090708	FALSE	TRUE	82	40	FALSE	TRUE	23.7729386092078	25.2678983561159	29.4390042376477		20.8674260752532	FALSE	27.3369338898011	FALSE	3
19.0235432523782	FALSE	TRUE	83	40	TRUE	TRUE	23.4929241122956	26.1950623118729	29.4060513315015		20.8674260752532	FALSE	27.0569193928889	FALSE	3
19.5346057460026	FALSE	TRUE	84	40	TRUE	TRUE	24.0956944746486	26.4302035297794	28.2614605681363		20.8674260752532	FALSE	27.6596897552419	FALSE	3
20.1379226382421	FALSE	TRUE	85	40	FALSE	TRUE	24.9143020075529	26.324397746192	27.8822113946379		20.8674260752532	FALSE	28.4782972881462	FALSE	3
20.483859953784	FALSE	TRUE	86	40	FALSE	TRUE	24.1813484695089	25.5438180433552	30.07406117091		20.8674260752532	FALSE	27.7453437501021	FALSE	3
18.5540047872225	FALSE	TRUE	87	40	FALSE	TRUE	21.9495531015118	22.6269423599784	25.6515356531267		20.8674260752532	FALSE	25.5135483821052	FALSE	3
20.3921348846034	FALSE	TRUE	88	40	TRUE	TRUE	24.9811186601486	25.4807106870566	28.9086472333017		20.8674260752532	FALSE	28.5451139407419	FALSE	3
20.4493327425868	FALSE	TRUE	89	40	FALSE	TRUE	23.6561482850808	25.0031871934615	26.3458243194621		20.8674260752532	FALSE	27.2201435656741	FALSE	3
19.0855376594419	FALSE	TRUE	90	40	FALSE	TRUE	27.0692183375905	29.3469422051294	31.2832634817276		20.8674260752532	FALSE	30.6332136181838	FALSE	3
19.9007583634384	FALSE	TRUE	91	40	FALSE	TRUE	26.4132071936519	28.7226213967502	29.583264027757		20.8674260752532	FALSE	29.9772024742452	FALSE	3
19.3614093030069	FALSE	TRUE	92	40	TRUE	TRUE	29.8270020960498	32.7304314344046	31.8391690093111		20.8674260752532	FALSE	33.3909973766431	FALSE	4
21.1027915065929	FALSE	TRUE	93	40	FALSE	TRUE	29.1006421085203	30.5562103062705	32.5379601740934		20.8674260752532	FALSE	32.6646373891136	FALSE	4
21.0350538050141	FALSE	TRUE	94	42	TRUE	TRUE	26.1770881167948	27.7919529952117	27.2636208076142		24.486055510545	TRUE	29.7410833973881	FALSE	3
21.8227251592879	FALSE	TRUE	95	42	TRUE	TRUE	25.3825576576747	27.8487936423267	27.4638894248103		24.486055510545	TRUE	28.946552938268	FALSE	3
22.5619222241335	FALSE	TRUE	96	42	FALSE	TRUE	28.0872849450002	29.7889893114284	30.4643437221845		24.486055510545	TRUE	31.6512802255935	FALSE	4
21.8999753007556	FALSE	TRUE	97	43	TRUE	TRUE	25.2775409560195	27.1806252720701	28.5702162758881		22.2063917596812	TRUE	28.8415362366128	FALSE	3
21.7485349519715	FALSE	TRUE	98	43	FALSE	TRUE	30.9169144740926	33.4114716193103	31.6875702218052		22.2063917596812	TRUE	34.4809097546859	FALSE	4
21.1457202729753	FALSE	TRUE	99	44	TRUE	TRUE	32.7724518641276	35.1917099551635	34.4565757118217		30.6457238359968	TRUE	36.3364471447209	FALSE	4
21.7594790009263	FALSE	TRUE	100	44	TRUE	TRUE	28.0804189367535	28.9861716669018	30.768908353927		30.6457238359968	TRUE	31.6444142173468	FALSE	4
22.573520750368	FALSE	TRUE	101	44	TRUE	TRUE	26.9770107810913	27.7377003635087	29.3100657937396		30.6457238359968	TRUE	30.5410060616846	FALSE	3
21.3531785732941	FALSE	TRUE	102	44	TRUE	TRUE	24.8536450965373	27.6377277751945	28.6676812263484		30.6457238359968	TRUE	28.4176403771306	FALSE	3
23.0537459569191	FALSE	TRUE	103	44	TRUE	TRUE	30.5174422755379	32.56447712368	32.3942769643025		30.6457238359968	TRUE	34.0814375561312	FALSE	4
22.0621480692665	FALSE	TRUE	104	44	TRUE	TRUE	30.5141923656079	32.4882800512297	35.10834544987		30.6457238359968	TRUE	34.0781876462012	FALSE	4
23.1425077866972	FALSE	TRUE	105	44	TRUE	TRUE	26.2863908820864	28.3208554083943	27.6846950530334		30.6457238359968	TRUE	29.8503861626797	FALSE	3
23.2695815074461	FALSE	TRUE	106	44	TRUE	TRUE	30.6781183299743	32.2637396884647	31.3072456580915		30.6457238359968	TRUE	34.2421136105676	FALSE	4
20.7658468014642	FALSE	TRUE	107	44	TRUE	TRUE	23.7523916745558	26.0927760364898	26.4395805857398		30.6457238359968	TRUE	27.3163869551491	FALSE	3
22.399252974161	FALSE	TRUE	108	44	TRUE	TRUE	26.372840893702	27.855012496649	29.8243666714291		30.6457238359968	TRUE	29.9368361742953	FALSE	3
20.7465554715337	FALSE	TRUE	109	44	TRUE	TRUE	28.0615446403469	28.7769819730724	33.585173576414		30.6457238359968	TRUE	31.6255399209402	FALSE	4
22.679261722599	FALSE	TRUE	110	44	TRUE	TRUE	30.064690728098	31.8076381804525	31.1398407915126		30.6457238359968	TRUE	33.6286860086913	FALSE	4
22.1091693250467	FALSE	TRUE	111	44	TRUE	TRUE	26.768426839079	28.4901535026601	30.9991480184722		30.6457238359968	TRUE	30.3324221196723	FALSE	3
21.8581489491471	FALSE	TRUE	112	44	TRUE	TRUE	28.0254962453158	30.197918425366	32.0176509421335		30.6457238359968	TRUE	31.5894915259091	FALSE	4
22.7594107936108	FALSE	TRUE	113	44	TRUE	TRUE	25.3589174714944	26.5105598068349	31.5160697695207		30.6457238359968	TRUE	28.9229127520877	FALSE	3
22.4907902156601	FALSE	TRUE	114	44	TRUE	TRUE	27.0802911810686	30.0937994874521	29.6479121288072		30.6457238359968	TRUE	30.6442864616619	FALSE	3
22.1873931454714	FALSE	TRUE	115	44	TRUE	TRUE	27.369988938226	29.603312067159	31.7940827088222		30.6457238359968	TRUE	30.9339842188193	FALSE	3
22.1902853512427	FALSE	TRUE	116	44	TRUE	TRUE	29.8132692598755	32.7898401514298	35.1332796514872		30.6457238359968	TRUE	33.3772645404688	FALSE	4
23.0787063133967	FALSE	TRUE	117	44	TRUE	TRUE	26.1188465731961	28.3010938345036	33.6685834492065		30.6457238359968	TRUE	29.6828418537894	FALSE	3
22.240069755209	FALSE	TRUE	118	44	TRUE	TRUE	25.2884318341887	27.5933796585122	28.1351914868706		30.6457238359968	TRUE	28.852427114782	FALSE	3
22.8061354683011	FALSE	TRUE	119	44	TRUE	TRUE	35.0229355238132	36.2014439834896	38.3685748755907		30.6457238359968	TRUE	38.5869308044065	FALSE	5
22.4851699389232	FALSE	TRUE	120	44	TRUE	TRUE	27.7863996989337	30.0753018554354	30.9569228468099		30.6457238359968	TRUE	31.350394979527	FALSE	3
21.8424165021383	FALSE	TRUE	121	44	TRUE	TRUE	31.4806246517998	32.7780492293636	35.0277980651795		30.6457238359968	TRUE	35.0446199323931	FALSE	4
21.9534836116317	FALSE	TRUE	122	44	TRUE	TRUE	32.7245846244114	34.4098566654738	36.6745293138182		30.6457238359968	TRUE	36.2885799050047	FALSE	4
21.0594587622927	FALSE	TRUE	123	44	TRUE	TRUE	27.3701346615361	28.456637639601	34.4686009100036		30.6457238359968	TRUE	30.9341299421294	FALSE	3
22.7284301623463	FALSE	TRUE	124	44	TRUE	TRUE	30.158705518556	32.1002632022966	32.1803421906665		30.6457238359968	TRUE	33.7227007991493	FALSE	4
23.0379884576958	FALSE	TRUE	125	44	TRUE	TRUE	25.6548967228316	28.5933149334822	27.2813344826919		30.6457238359968	TRUE	29.2188920034249	FALSE	3
21.8610596157975	FALSE	TRUE	126	44	TRUE	TRUE	24.2135195431937	27.2415308404358	28.1461765314695		30.6457238359968	TRUE	27.777514823787	FALSE	3
23.5249375211631	FALSE	TRUE	127	44	TRUE	TRUE	24.0033252670143	26.0285985178725	28.0554591055328		30.6457238359968	TRUE	27.5673205476076	FALSE	3
22.3120244028383	FALSE	TRUE	128	44	TRUE	TRUE	30.0014907245395	32.2049373779196	32.795439915089		30.6457238359968	TRUE	33.5654860051328	FALSE	4
21.0159620176246	FALSE	TRUE	129	44	TRUE	TRUE	24.9668203063052	26.5106396324118	27.3539713930015		30.6457238359968	TRUE	28.5308155868985	FALSE	3
21.9484464453519	FALSE	TRUE	130	44	TRUE	TRUE	27.06646234705	28.9765515410885	29.183209034302		30.6457238359968	TRUE	30.6304576276433	FALSE	3
23.0101413182264	FALSE	TRUE	131	44	TRUE	TRUE	27.9138717208111	30.6655086465676	30.1174603803165		30.6457238359968	TRUE	31.4778670014044	FALSE	3
21.4644244454151	FALSE	TRUE	132	44	TRUE	TRUE	28.1408610418862	30.9102617858152	34.1505994511513		30.6457238359968	TRUE	31.7048563224795	FALSE	4
23.1560928923471	FALSE	TRUE	133	44	TRUE	TRUE	26.5855500916712	28.245062313142	29.6295811066368		30.6457238359968	TRUE	30.1495453722645	FALSE	3
23.6068266908188	FALSE	TRUE	134	44	TRUE	TRUE	33.6244313009493	34.779703702962	35.6016853570461		30.6457238359968	TRUE	37.1884265815426	FALSE	4
23.0957086623764	FALSE	TRUE	135	44	TRUE	TRUE	32.16434726784	32.9916467091189	36.1600517301862		30.6457238359968	TRUE	35.7283425484333	FALSE	4
23.5897589758607	FALSE	TRUE	136	44	TRUE	TRUE	26.1053122037144	27.1770690498088	35.4571146923542		30.6457238359968	TRUE	29.6693074843077	FALSE	3
22.8284468973065	FALSE	TRUE	137	44	TRUE	TRUE	31.1947641495943	33.0142861718605	33.1262451000565		30.6457238359968	TRUE	34.7587594301876	FALSE	4
21.8771656125759	FALSE	TRUE	138	44	TRUE	TRUE	32.0770256382822	34.3750483003822	34.1784997479404		30.6457238359968	TRUE	35.6410209188755	FALSE	4
21.8011122017961	FALSE	TRUE	139	44	TRUE	TRUE	25.3923787927162	28.0961434305689	26.132307285999		30.6457238359968	TRUE	28.9563740733095	FALSE	3
23.1973152276455	FALSE	TRUE	140	44	TRUE	TRUE	26.5837904695869	27.5034190761162	30.266844281174		30.6457238359968	TRUE	30.1477857501802	FALSE	3
22.4760905442713	FALSE	TRUE	141	44	TRUE	TRUE	29.9271364611146	31.6807154471429	34.2110333889243		30.6457238359968	TRUE	33.4911317417079	FALSE	4
22.4345373526754	FALSE	TRUE	142	44	TRUE	TRUE	30.901861851632	32.0875579619828	32.2038262407815		30.6457238359968	TRUE	34.4658571322253	FALSE	4
22.2897574676551	FALSE	TRUE	143	44	TRUE	TRUE	28.3647399781976	30.724278962505	31.8928864008023		30.6457238359968	TRUE	31.9287352587909	FALSE	4
22.1554594256876	FALSE	TRUE	144	44	TRUE	TRUE	30.0748577060747	30.895842551929	33.5053989141445		30.6457238359968	TRUE	33.638852986668	FALSE	4
21.1083526343224	FALSE	TRUE	145	45	FALSE	TRUE	22.8465365588745	23.9081837075882	24.8621488736791		22.8579428468952	TRUE	26.4105318394678	FALSE	3
19.97885063889	FALSE	TRUE	146	45	TRUE	TRUE	23.7976024541111	26.0262079951501	25.8592533019857		22.8579428468952	TRUE	27.3615977347044	FALSE	3
21.4244285609343	FALSE	TRUE	147	46	TRUE	TRUE	32.5351609670694	34.5322376435245	34.2101252705224		20.0791359798854	TRUE	36.0991562476627	FALSE	4
21.1062551984383	FALSE	TRUE	148	46	TRUE	TRUE	26.6958864394346	27.9492726407801	35.4759926863215		20.0791359798854	TRUE	30.2598817200279	FALSE	3
20.1151602145454	FALSE	TRUE	149	46	TRUE	TRUE	25.4658547216988	28.2951517578721	28.8451353789828		20.0791359798854	TRUE	29.0298500022921	FALSE	3
21.0374560535041	FALSE	TRUE	150	46	TRUE	TRUE	27.652469785099	29.3613729247652	29.5711665842927		20.0791359798854	TRUE	31.2164650656923	FALSE	3
20.165305233715	FALSE	TRUE	151	46	TRUE	TRUE	23.5043759497859	25.4000822382164	26.2447167111415		20.0791359798854	TRUE	27.0683712303792	FALSE	3
20.8463089368243	FALSE	TRUE	152	46	TRUE	TRUE	24.9541371432574	26.3883790023638	28.7680915928877		20.0791359798854	TRUE	28.5181324238507	FALSE	3
20.7588728100882	FALSE	TRUE	153	46	TRUE	TRUE	23.3487149605588	26.3115506140465	30.7735619165687		20.0791359798854	TRUE	26.9127102411521	FALSE	3
20.2171792155006	FALSE	TRUE	154	53	FALSE	TRUE	22.1000903327424	23.75686388307	27.2744058893649		23.6630175931061	FALSE	25.6640856133357	FALSE	3
21.0055902536497	FALSE	TRUE	155	53	FALSE	TRUE	24.2069468617038	28.1146634779771	27.9947695618922		23.6630175931061	FALSE	27.7709421422971	FALSE	3
20.9398650669437	FALSE	TRUE	156	53	FALSE	TRUE	22.5156265978013	23.7535395435326	26.853570888263		23.6630175931061	FALSE	26.0796218783946	FALSE	3
21.5648674605996	FALSE	TRUE	157	53	TRUE	TRUE	27.5174488714246	28.794751167801	30.3731433474827		23.6630175931061	FALSE	31.0814441520179	FALSE	3
20.7800650076036	FALSE	TRUE	158	53	FALSE	TRUE	29.5833396071347	32.8965420284152	31.5782572598469		23.6630175931061	FALSE	33.147334887728	FALSE	4
21.2293397168839	FALSE	TRUE	159	53	FALSE	TRUE	28.1106309826148	30.9270220783934	31.0970165330004		23.6630175931061	FALSE	31.6746262632081	FALSE	4
20.8100252797206	FALSE	TRUE	160	53	FALSE	TRUE	25.3866878721952	26.5827552347382	30.9760427319858		23.6630175931061	FALSE	28.9506831527885	FALSE	3
19.914013742822	FALSE	TRUE	161	53	TRUE	TRUE	24.0610848395958	26.839645720282	29.272368017631		23.6630175931061	FALSE	27.6250801201891	FALSE	3
20.8120949481661	FALSE	TRUE	162	53	FALSE	TRUE	26.8620327922815	29.8686816525424	29.0765460630375		23.6630175931061	FALSE	30.4260280728748	FALSE	3
20.7230017664328	FALSE	TRUE	163	53	TRUE	TRUE	25.0828332268855	28.6467586975153	26.7233514491083		23.6630175931061	FALSE	28.6468285074788	FALSE	3
21.4067836271914	FALSE	TRUE	164	53	TRUE	TRUE	25.0228104279301	28.2656774277868	28.9543348991259		23.6630175931061	FALSE	28.5868057085234	FALSE	3
21.1728198744306	FALSE	TRUE	165	53	FALSE	TRUE	23.7045052317097	25.7674393405295	30.6047097179035		23.6630175931061	FALSE	27.268500512303	FALSE	3
21.3271388338778	FALSE	TRUE	166	53	FALSE	TRUE	23.4450631638734	24.9067414130326	26.860216530138		23.6630175931061	FALSE	27.0090584444667	FALSE	3
20.3810579105381	FALSE	TRUE	167	53	TRUE	TRUE	25.8247085278303	28.5839231935984	27.2866699940124		23.6630175931061	FALSE	29.3887038084236	FALSE	3
20.4726241303689	FALSE	TRUE	168	53	FALSE	TRUE	30.1547175573972	32.2001209472914	32.5943848468652		23.6630175931061	FALSE	33.7187128379905	FALSE	4
19.8018009381787	FALSE	TRUE	169	53	FALSE	TRUE	24.0707791035096	25.4607709522107	28.9124609782681		23.6630175931061	FALSE	27.6347743841029	FALSE	3
21.0077594934108	FALSE	TRUE	170	53	TRUE	TRUE	28.1980184189339	30.596554136793	30.9908777797027		23.6630175931061	FALSE	31.7620136995272	FALSE	4
20.5560411519457	FALSE	TRUE	171	53	FALSE	TRUE	21.599566117005	23.9989234846148	23.983623094846		23.6630175931061	FALSE	25.1635613975983	FALSE	3
20.3475639484902	FALSE	TRUE	172	53	FALSE	TRUE	25.9904558789894	27.0631985539119	30.579898093601		23.6630175931061	FALSE	29.5544511595827	FALSE	3
19.7590137350166	FALSE	TRUE	173	53	TRUE	TRUE	27.8881095732994	29.1953013976824	32.2449576502347		23.6630175931061	FALSE	31.4521048538927	FALSE	3
20.6990033525384	FALSE	TRUE	174	53	FALSE	TRUE	23.6712964333835	25.3509505869405	27.0556336097238		23.6630175931061	FALSE	27.2352917139768	FALSE	3
20.5539129741615	FALSE	TRUE	175	53	FALSE	TRUE	28.7976113302507	29.7802764552498	30.0540226592448		23.6630175931061	FALSE	32.361606610844	FALSE	4
21.9638165039706	FALSE	TRUE	176	53	FALSE	TRUE	26.5351774944419	27.9169459542507	30.2161194049348		23.6630175931061	FALSE	30.0991727750352	FALSE	3
20.8937460484776	FALSE	TRUE	177	53	FALSE	TRUE	22.8042618219805	24.9511552162235	29.2983147172398		23.6630175931061	FALSE	26.3682571025738	FALSE	3
21.1721253494833	FALSE	TRUE	178	53	FALSE	TRUE	34.0925289216683	35.7835835992587	40.0570305279114		23.6630175931061	FALSE	37.6565242022616	FALSE	4
21.2191252357258	FALSE	TRUE	179	53	FALSE	TRUE	27.7306050566203	28.7731736445886	31.9690838325906		23.6630175931061	FALSE	31.2946003372136	FALSE	3
21.2470194587771	FALSE	TRUE	180	53	TRUE	TRUE	30.5287351805785	32.4935709908627	32.238983402604		23.6630175931061	FALSE	34.0927304611718	FALSE	4
19.4851148738483	FALSE	TRUE	181	53	FALSE	TRUE	23.3743263964	24.677605520302	25.4398276147683		23.6630175931061	FALSE	26.9383216769933	FALSE	3
21.2102797373686	FALSE	TRUE	182	53	FALSE	TRUE	30.2050373987969	31.1631376229532	35.745764387064		23.6630175931061	FALSE	33.7690326793902	FALSE	4
21.8425888356476	FALSE	TRUE	183	54	TRUE	TRUE	25.7971855686347	27.5494224395683	28.3770154667078		26.0818850122404	FALSE	29.361180849228	FALSE	3
